="1" nDisToAnchor="0" anchorType="1" />
				    <CAnchorLocateInfo nAnchorIndex="0" nDisToAnchor="3508" anchorType="1" />
					<CAnchorLocateInfo nAnchorIndex="0" nDisToAnchor="6553" anchorType="2" />
					<CAnchorLocateInfo nAnchorIndex="0" nDisToAnchor="6434" anchorType="3" />
					<CAnchorLocateInfo nAnchorIndex="0" nDisToAnchor="9706" anchorType="4" />
					</vecAnchorLocateInfo>    
				  
				  <vecCLocateAnchor></vecCLocateAnchor>
				</CLocateRegion>
				<CLocateLine>
				    <RECT Left="0" Top="0" Right="100" Bottom="100" />
				    <RECT Left="0" Top="0" Right="100" Bottom="100" />
				    <CLocateInfo bEraseStart="0" nMinWHRatio="0" nMaxWHRatio="160" nSplitWHRatio="2000" bSplit="0" nNumType="0" bSpace="0" bWidth="0" bHeight="0" bRemoveLineNoise="0" nMinElementNum="3" nMaxElementNum="3" nMinWidth="610" nMaxWidth="3122" nMinHeight="280" nMaxHeight="600" nMinSpace="50" nMaxSpace="1000" bPostProcess="0">
						<vecCLocateMethod>
						    <CLocateMethod nLocateMethod="0">
								
								<vecProcessImage>
								  <CProcessImage processType="1">
									<CTrueColorToGrayEx nFilter="0">
									  <RECT Top="0" Right="0" Bottom="0" Left="0" />
									</CTrueColorToGrayEx>
								  </CProcessImage>
								</vecProcessImage>
							  </CLocateMethod>
							  <CLocateMethod nLocateMethod="1">
								<vecProcessImage>
								  <CProcessImage processType="1">
									<CTrueColorToGrayEx nFilter="0">
									  <RECT Top="0" Right="0" Bottom="0" Left="0"></RECT>
									</CTrueColorToGrayEx>
								  </CProcessImage>
								  <CProcessImage processType="2">
									<CGrayToBinaryEx>
									  <vecBinaryParam>
										<BINARYPARAM nBlockNum="1" nMethod="7" />
										<BINARYPARAM nBlockNum="1" nMethod="6" />
									  </vecBinaryParam>
									  
									  <RECT Left="0" Top="0" Right="0" Bottom="0" />
									</CGrayToBinaryEx>
								  </CProcessImage>
								</vecProcessImage>
						    </CLocateMethod>
						</vecCLocateMethod>
                    </CLocateInfo>
                    <positionPlus nLeftPlus="0" nRightPlus="0" nTopPlus="-100" nBottomPlus="100" />
				</CLocateLine>
				<vecLine>
				    <CLine nIndex="0" bStartOffset="1" bEndOffset="0" bExist="1" bNeedRecog="1" nCheckKeyWord="0">
				        <RECT Left="0" Top="0" Right="0" Bottom="0" /> 
				        <CRecogInfo bIgnorePoint="0" nMaxPointWidth="0" nMaxPointHeight="0" bMatchRegExp="0" charOrder="^S{1},\d{7},[A-W]{1}" bConfirmParams="0">
						   <CLocateInfo bEraseStart="0" nMinWHRatio="0" nMaxWHRatio="140" nSplitWHRatio="2000" bSplit="0" nNumType="0" bSpace="0" bWidth="0" bHeight="0" bRemoveLineNoise="0" nMinElementNum="2" nMaxElementNum="-1" nMinWidth="10" nMaxWidth="200" nMinHeight="250" nMaxHeight="430" nMinSpace="15" nMaxSpace="85" bPostProcess="1">
								<vecCLocateMethod>
									<CLocateMethod nLocateMethod="1">
										<vecProcessImage>
											<CProcessImage processType="1">
												<CTrueColorToGrayEx nFilter="0">
												  <RECT Top="0" Right="0" Bottom="0" Left="0"></RECT>
												</CTrueColorToGrayEx>
											</CProcessImage>
											<CProcessImage processType="2">
												<CGrayToBinaryEx>
												  <vecBinaryParam>
													<BINARYPARAM nBlockNum="1" nMethod="7" />
													<BINARYPARAM nBlockNum="1" nMethod="6" />
												  </vecBinaryParam>
												  
												  <RECT Left="0" Top="0" Right="0" Bottom="0" />
												</CGrayToBinaryEx>
											</CProcessImage>
										</vecProcessImage>
									</CLocateMethod>
									<CLocateMethod nLocateMethod="1">
										<vecProcessImage>
											<CProcessImage processType="1">
												<CTrueColorToGrayEx nFilter="0">
												  <RECT Top="0" Right="0" Bottom="0" Left="0"></RECT>
												</CTrueColorToGrayEx>
											</CProcessImage>
											<CProcessImage processType="2">
												<CGrayToBinaryEx>
												  <vecBinaryParam>
													<BINARYPARAM nBlockNum="1" nMethod="7" />
													<BINARYPARAM nBlockNum="1" nMethod="3" />
												  </vecBinaryParam>
												  
												  <RECT Left="0" Top="0" Right="0" Bottom="0" />
												</CGrayToBinaryEx>
											</CProcessImage>
										</vecProcessImage>
									</CLocateMethod>
								</vecCLocateMethod>
							</CLocateInfo>
							<vecKernal>
								<CKernalInfo kernalMainType="1" nKernalSubType="6" nFilterType="0" nFillingMethod="0" strFilterPlus="" nRecogType="1" nRecogImgeType="0">
								    <vecCharRatio>
									    <CCharRatio strChars="" charType="3" nWHRatio="82" />
									    <CCharRatio strChars="I" charType="10" nWHRatio="30" />
								    </vecCharRatio> 
								</CKernalInfo>
						    </vecKernal>
                        </CRecogInfo>
                        <vecRecogUnit>
							<CRecogUnit nIndex="3" bLocate="0" bRecog="0">
							 
							</CRecogUnit>
                        </vecRecogUnit>
                        <vecCLocateAnchor>
						  <CLocateAnchor nDisToAnchor="0" nAnchorIndex="3" anchorType="2" />
						</vecCLocateAnchor>
				    </CLine>
				    <CLine nIndex="1" bStartOffset="1" bEndOffset="0" bExist="1" bNeedRecog="0" nCheckKeyWord="0">
				        <RECT Left="0" Top="0" Right="0" Bottom="0" /> 
                        <vecRecogUnit>
							<CRecogUnit nIndex="4" bLocate="1" bRecog="1">
							    <CLocateRecogUnit bStart="1" nStartIndexInChar="-1" bEnd="1" nEndIndexInChar="-1">
								    <vecAnchorLocateInfo>
										<CAnchorLocateInfo nAnchorIndex="1" nDisToAnchor="0" anchorType="1" />
										<CAnchorLocateInfo nAnchorIndex="0" nDisToAnchor="3462" anchorType="1" />
										<CAnchorLocateInfo nAnchorIndex="1" nDisToAnchor="2418" anchorType="2" />
										<CAnchorLocateInfo nAnchorIndex="0" nDisToAnchor="5602" anchorType="2" />
								    </vecAnchorLocateInfo> 
								</CLocateRecogUnit>
								<CRecogInfo bIgnorePoint="0" nMaxPointWidth="0" nMaxPointHeight="0" bMatchRegExp="0" charOrder="[MF]" bConfirmParams="0">
									<CLocateInfo bEraseStart="0" nMinWHRatio="0" nMaxWHRatio="140" nSplitWHRatio="2000" bSplit="0" nNumType="0" bSpace="0" bWidth="0" bHeight="0" bRemoveLineNoise="0" nMinElementNum="8" nMaxElementNum="8" nMinWidth="50" nMaxWidth="250" nMinHeight="183" nMaxHeight="410" nMinSpace="16" nMaxSpace="200" bPostProcess="1">
										<vecCLocateMethod>
									       <CLocateMethod nLocateMethod="1">
												<vecProcessImage>
													<CProcessImage processType="1">
														<CTrueColorToGrayEx nFilter="0">
															<RECT Top="0" Right="0" Bottom="0" Left="0"></RECT>			  
														</CTrueColorToGrayEx>				
													</CProcessImage>
													<CProcessImage processType="2">			
														<CGrayToBinaryEx>
															<vecBinaryParam>
																<BINARYPARAM nBlockNum="1" nMethod="7" />
																<BINARYPARAM nBlockNum="1" nMethod="3" />
															</vecBinaryParam>
															
															<RECT Left="0" Top="0" Right="0" Bottom="0" />
														</CGrayToBinaryEx>
													</CProcessImage>				
												</vecProcessImage>						
										    </CLocateMethod>
										</vecCLocateMethod>
									</CLocateInfo>		
									<vecKernal>
										
										
										<CKernalInfo kernalMainType="1" nKernalSubType="7" nFilterType="256" nFillingMethod="1" strFilterPlus="" nRecogType="1" nRecogImgeType="0">
											<vecCharRatio>
											   <CCharRatio strChars="" charType="2" nWHRatio="85" />
											   <CCharRatio strChars="1" charType="10" nWHRatio="60" />
											</vecCharRatio>	
										</CKernalInfo>  
									</vecKernal> 
										  	
								</CRecogInfo>
							</CRecogUnit>
							<CRecogUnit nIndex="5" bLocate="1" bRecog="1">
							    <CLocateRecogUnit bStart="1" nStartIndexInChar="-1" bEnd="1" nEndIndexInChar="0">
								    <vecAnchorLocateInfo>
										<CAnchorLocateInfo nAnchorIndex="1" nDisToAnchor="2418" anchorType="1" />
										<CAnchorLocateInfo nAnchorIndex="0" nDisToAnchor="5602" anchorType="1" />
										<CAnchorLocateInfo nAnchorIndex="2" nDisToAnchor="0" anchorType="2" />
										<CAnchorLocateInfo nAnchorIndex="0" nDisToAnchor="6553" anchorType="2" />
								    </vecAnchorLocateInfo>
								</CLocateRecogUnit>
								<CRecogInfo bIgnorePoint="0" nMaxPointWidth="0" nMaxPointHeight="0" bMatchRegExp="0" charOrder="[MF]" bConfirmParams="0">
									<CLocateInfo bEraseStart="0" nMinWHRatio="0" nMaxWHRatio="140" nSplitWHRatio="2000" bSplit="0" nNumType="0" bSpace="0" bWidth="0" bHeight="0" bRemoveLineNoise="0" nMinElementNum="1" nMaxElementNum="1" nMinWidth="100" nMaxWidth="250" nMinHeight="153" nMaxHeight="500" nMinSpace="20" nMaxSpace="475" bPostProcess="1">
										<vecCLocateMethod>
									       <CLocateMethod nLocateMethod="1">
												<vecProcessImage>
													<CProcessImage processType="1">
														<CTrueColorToGrayEx nFilter="0">
															<RECT Top="0" Right="0" Bottom="0" Left="0"></RECT>			  
														</CTrueColorToGrayEx>				
													</CProcessImage>
													<CProcessImage processType="2">			
														<CGrayToBinaryEx>
															<vecBinaryParam>
																<BINARYPARAM nBlockNum="1" nMethod="7" />
																<BINARYPARAM nBlockNum="1" nMethod="3" />
															</vecBinaryParam>
															
															<RECT Left="0" Top="0" Right="0" Bottom="0" />
														</CGrayToBinaryEx>
													</CProcessImage>				
												</vecProcessImage>						
										    </CLocateMethod>
										</vecCLocateMethod>
									</CLocateInfo>		
									<vecKernal>
										
										
										<CKernalInfo kernalMainType="1" nKernalSubType="6" nFilterType="0" nFillingMethod="1" strFilterPlus="" nRecogType="1" nRecogImgeType="0">
											<vecCharRatio>
											   <CCharRatio strChars="F" charType="3" nWHRatio="82" />
											   <CCharRatio strChars="M" charType="3" nWHRatio="96" />
											</vecCharRatio>	
										</CKernalInfo>  
									</vecKernal>
								</CRecogInfo> 
						    </CRecogUnit>
                        </vecRecogUnit>
				    </CLine>
				    <CLine nIndex="2" bStartOffset="1" bEndOffset="0" bExist="1" bNeedRecog="1" nCheckKeyWord="0">
				        <RECT Left="0" Top="0" Right="0" Bottom="0" /> 
				        <CRecogInfo bIgnorePoint="0" nMaxPointWidth="0" nMaxPointHeight="0" bMatchRegExp="0" charOrder="^S{1},\d{7},[A-W]{1}" bConfirmParams="0">
						   <CLocateInfo bEraseStart="0" nMinWHRatio="0" nMaxWHRatio="140" nSplitWHRatio="2000" bSplit="0" nNumType="0" bSpace="0" bWidth="0" bHeight="0" bRemoveLineNoise="0" nMinElementNum="2" nMaxElementNum="-1" nMinWidth="20" nMaxWidth="200" nMinHeight="183" nMaxHeight="430" nMinSpace="15" nMaxSpace="85" bPostProcess="1">
								<vecCLocateMethod>
									<CLocateMethod nLocateMethod="1">
										<vecProcessImage>
											<CProcessImage processType="1">
												<CTrueColorToGrayEx nFilter="0">
												  <RECT Top="0" Right="0" Bottom="0" Left="0"></RECT>
												</CTrueColorToGrayEx>
											</CProcessImage>
											<CProcessImage processType="2">
												<CGrayToBinaryEx>
												  <vecBinaryParam>
													<BINARYPARAM nBlockNum="1" nMethod="7" />
													<BINARYPARAM nBlockNum="1" nMethod="6" />
												  </vecBinaryParam>
												  
												  <RECT Left="0" Top="0" Right="0" Bottom="0" />
												</CGrayToBinaryEx>
											</CProcessImage>
										</vecProcessImage>
									</CLocateMethod>
									<CLocateMethod nLocateMethod="1">
										<vecProcessImage>
											<CProcessImage processType="1">
												<CTrueColorToGrayEx nFilter="0">
												  <RECT Top="0" Right="0" Bottom="0" Left="0"></RECT>
												</CTrueColorToGrayEx>
											</CProcessImage>
											<CProcessImage processType="2">
												<CGrayToBinaryEx>
												  <vecBinaryParam>
													<BINARYPARAM nBlockNum="1" nMethod="7" />
													<BINARYPARAM nBlockNum="1" nMethod="3" />
												  </vecBinaryParam>
												  
												  <RECT Left="0" Top="0" Right="0" Bottom="0" />
												</CGrayToBinaryEx>
											</CProcessImage>
										</vecProcessImage>
									</CLocateMethod>
								</vecCLocateMethod>
							</CLocateInfo>
							<vecKernal>
								<CKernalInfo kernalMainType="1" nKernalSubType="6" nFilterType="0" nFillingMethod="0" strFilterPlus="" nRecogType="1" nRecogImgeType="0">
								    <vecCharRatio>
									    <CCharRatio strChars="" charType="3" nWHRatio="80" />
									    <CCharRatio strChars="I" charType="10" nWHRatio="33" />
								    </vecCharRatio> 
								</CKernalInfo>
								<CKernalInfo kernalMainType="1" nKernalSubType="7" nFilterType="256" nFillingMethod="0" strFilterPlus="" nRecogType="1" nRecogImgeType="0">
								    <vecCharRatio>
									    <CCharRatio strChars="" charType="3" nWHRatio="80" />
									    <CCharRatio strChars="I" charType="10" nWHRatio="33" />
								    </vecCharRatio> 
								</CKernalInfo>
						    </vecKernal>
                        </CRecogInfo>
                        <vecRecogUnit>
							<CRecogUnit nIndex="6" bLocate="0" bRecog="0">
							 
							</CRecogUnit>
                        </vecRecogUnit>
				    </CLine>
				</vecLine>
           </CRegion> 
        </vecRegion>
        <vecDeriveUnit>
          
        </vecDeriveUnit>
        <vecAnchor>
          <CAnchor nIndex="0" anchorPos="0" anchorType="0"  bEnable="0" nMinPos="-1" nMaxPos="-1" />
          <CAnchor nIndex="1" anchorPos="-1" anchorType="2" bEnable="0" nMinPos="-1" nMaxPos="-1" />
		  <CAnchor nIndex="2" anchorPos="-1" anchorType="2" bEnable="0" nMinPos="-1" nMaxPos="-1" />
		  <CAnchor nIndex="3" anchorPos="-1" anchorType="2" bEnable="0" nMinPos="-1" nMaxPos="-1" />
        </vecAnchor>
        <vecOutPutResult>
            <COutPutResult nIndex="0" cellRecogType="20" cellName="Reserve" nOutputThreshold="0" nOutputNumber="0" bFormatResult="0" />
            <COutPutResult nIndex="2" cellRecogType="20" cellName="Name" nOutputThreshold="0" nOutputNumber="0" bFormatResult="0" />
            <COutPutResult nIndex="5" cellRecogType="20" cellName="Sex" nOutputThreshold="0" nOutputNumber="0" bFormatResult="0" />
            <COutPutResult nIndex="3" cellRecogType="20" cellName="Race" nOutputThreshold="0" nOutputNumber="0" bFormatResult="0" />
            <COutPutResult nIndex="4" cellRecogType="3" cellName="Date of birth" nOutputThreshold="0" nOutputNumber="0" bFormatResult="1">
             <CFormatInfo strDefault="" strInFormat="DDMMYYYY" strOutFormat="YYYY-MM-DD" />
            </COutPutResult>
            <COutPutResult nIndex="6" cellRecogType="20" cellName="Country of birth" nOutputThreshold="10" nOutputNumber="7" bFormatResult="0" />
            <COutPutResult nIndex="1" cellRecogType="20" cellName="IDENTITY CARD NO." nOutputThreshold="0" nOutputNumber="0" bFormatResult="0" />
        </vecOutPutResult>
        <vecMergeUnit>
         
        </vecMergeUnit>                                        
    </CIDCardTemplate>
 
  <CIDCardTemplate nMainDocumentID="2006" chDocumentName="TD2 SIZE MRZ" imageSizeType="21">
    <vecProcessImage>
      <CProcessImage processType="3">
        <CEraseBlackBorderEx>
          <RECT Left="0" Top="0" Right="10000" Bottom="10000" />
          <RECT Left="500" Top="500" Right="9200" Bottom="9500" />
        </CEraseBlackBorderEx>
      </CProcessImage>
    </vecProcessImage>
    <vecRegion>
      <CRegion nIndex="0" nRegionType="0" nProcessOrder="0">
        <vecImageLightType>
          <LIGHTTYPE>1</LIGHTTYPE>
          <LIGHTTYPE>2</LIGHTTYPE>
        </vecImageLightType>
        <CLocateRegion bAccurateLocate="1">
          <vecProcessImage>
            <CProcessImage processType="1">
              <CTrueColorToGrayEx nFilter="0">
                <RECT Top="0" Right="0" Bottom="0" Left="0" />
              </CTrueColorToGrayEx>
            </CProcessImage>
          </vecProcessImage>
          <RECT Left="600" Top="1966" Right="2800" Bottom="6254" />
          <vecAnchorLocateInfo>
            <CAnchorLocateInfo nAnchorIndex="0" nDisToAnchor="100" anchorType="1" />
            <CAnchorLocateInfo nAnchorIndex="0" nDisToAnchor="3450" anchorType="2" />
            <CAnchorLocateInfo nAnchorIndex="0" nDisToAnchor="1766" anchorType="3" />
            <CAnchorLocateInfo nAnchorIndex="0" nDisToAnchor="7469" anchorType="4" />
          </vecAnchorLocateInfo>
          <vecCLocateAnchor>
            <CLocateAnchor nDisToAnchor="0" nAnchorIndex="1" anchorType="2" />
          </vecCLocateAnchor>
        </CLocateRegion>
      </CRegion>
      <CRegion nIndex="1" nRegionType="1" nProcessOrder="1">
        <vecImageLightType>
          <LIGHTTYPE>2</LIGHTTYPE>
          <LIGHTTYPE>1</LIGHTTYPE>
        </vecImageLightType>
        <CLocateRegion bAccurateLocate="0">
          <vecProcessImage></vecProcessImage>
         
          <RECT Left="10000" Top="10000" Right="0" Bottom="0" />
          <vecAnchorLocateInfo>
            
            <CAnchorLocateInfo nAnchorIndex="0" nDisToAnchor="231" anchorType="1" />
            <CAnchorLocateInfo nAnchorIndex="0" nDisToAnchor="9770" anchorType="2" />
            <CAnchorLocateInfo nAnchorIndex="0" nDisToAnchor="7300" anchorType="3" />
            <CAnchorLocateInfo nAnchorIndex="0" nDisToAnchor="10000" anchorType="4" />
          </vecAnchorLocateInfo>
          
          <vecCLocateAnchor></vecCLocateAnchor>
        </CLocateRegion>
        <CLocateLine>
          
          <RECT Left="0" Top="0" Right="100" Bottom="100" />
          
          <RECT Left="0" Top="0" Right="100" Bottom="100" />
          <CLocateInfo bEraseStart="0" nMinWHRatio="0" nMaxWHRatio="160" nSplitWHRatio="2000" bSplit="0" nNumType="0" bSpace="0" bWidth="0" bHeight="0" bRemoveLineNoise="0" nMinElementNum="2" nMaxElementNum="2" nMinWidth="7200" nMaxWidth="9999" nMinHeight="230" nMaxHeight="420" nMinSpace="10" nMaxSpace="700" bPostProcess="0">
            <vecCLocateMethod>
              <CLocateMethod nLocateMethod="1">
                <vecProcessImage>
                  <CProcessImage processType="1">
                    <CTrueColorToGrayEx nFilter="0">
                      <RECT Top="0" Right="0" Bottom="0" Left="0" />
                    </CTrueColorToGrayEx>
                  </CProcessImage>
                  <CProcessImage processType="2">
                    <CGrayToBinaryEx>
                      <vecBinaryParam>
                        <BINARYPARAM nBlockNum="1" nMethod="3" />
                      </vecBinaryParam>
                      
                      <RECT Left="0" Top="0" Right="0" Bottom="0" />
                    </CGrayToBinaryEx>
                  </CProcessImage>
                </vecProcessImage>
              </CLocateMethod>
            </vecCLocateMethod>
            
          </CLocateInfo>
          <positionPlus nLeftPlus="-100" nRightPlus="100" nTopPlus="-200" nBottomPlus="200" />
        </CLocateLine>
        <vecLine>
          <CLine nIndex="0" bStartOffset="1" bEndOffset="0" bExist="1" bNeedRecog="1" nCheckKeyWord="0">
       
            <RECT Left="0" Top="0" Right="0" Bottom="0" />
            <CRecogInfo bIgnorePoint="0" nMaxPointWidth="0" nMaxPointHeight="0" bMatchRegExp="1" charOrder="I[&lt;\C]{1}[&lt;\C]{28}[&lt;\D]{6}" bConfirmParams="0">
              <CLocateInfo bEraseStart="0" nMinWHRatio="0" nMaxWHRatio="130" nSplitWHRatio="2000" bSplit="0" nNumType="0" bSpace="0" bWidth="0" bHeight="0" bRemoveLineNoise="0" nMinElementNum="36" nMaxElementNum="36" nMinWidth="80" nMaxWidth="230" nMinHeight="150" nMaxHeight="458" nMinSpace="0" nMaxSpace="295" bPostProcess="1">
                <vecCLocateMethod>
                  <CLocateMethod nLocateMethod="1">
                    <vecProcessImage>
                      <CProcessImage processType="1">
                        <CTrueColorToGrayEx nFilter="0">
                          <RECT Top="0" Right="0" Bottom="0" Left="0"></RECT>
                        </CTrueColorToGrayEx>
                      </CProcessImage>
                      <CProcessImage processType="2">
                        <CGrayToBinaryEx>
                          <vecBinaryParam>
                            <BINARYPARAM nBlockNum="10" nMethod="7" />
                            <BINARYPARAM nBlockNum="1" nMethod="6" />
                          </vecBinaryParam>
                          
                          <RECT Left="0" Top="0" Right="0" Bottom="0" />
                        </CGrayToBinaryEx>
                      </CProcessImage>
                    </vecProcessImage>
                  </CLocateMethod>
                  <CLocateMethod nLocateMethod="1">
                    <vecProcessImage>
                      <CProcessImage processType="1">
                        <CTrueColorToGrayEx nFilter="0">
                          <RECT Top="0" Right="0" Bottom="0" Left="0"></RECT>
                        </CTrueColorToGrayEx>
                      </CProcessImage>
                      <CProcessImage processType="2">
                        <CGrayToBinaryEx>
                          <vecBinaryParam>
                            <BINARYPARAM nBlockNum="10" nMethod="7" />
                            <BINARYPARAM nBlockNum="1" nMethod="1" />
                          </vecBinaryParam>
                          
                          <RECT Left="0" Top="0" Right="0" Bottom="0" />
                        </CGrayToBinaryEx>
                      </CProcessImage>
                    </vecProcessImage>
                  </CLocateMethod>
                  <CLocateMethod nLocateMethod="1">
                    <vecProcessImage>
                      <CProcessImage processType="1">
                        <CTrueColorToGrayEx nFilter="0">
                          <RECT Top="0" Right="0" Bottom="0" Left="0"></RECT>
                        </CTrueColorToGrayEx>
                      </CProcessImage>
                      <CProcessImage processType="2">
                        <CGrayToBinaryEx>
                          <vecBinaryParam>
                            <BINARYPARAM nBlockNum="1" nMethod="3" />
                          </vecBinaryParam>
                          
                          <RECT Left="0" Top="0" Right="0" Bottom="0" />
                        </CGrayToBinaryEx>
                      </CProcessImage>
                    </vecProcessImage>
                  </CLocateMethod>
                  <CLocateMethod nLocateMethod="1">
                    <vecProcessImage>
                      <CProcessImage processType="1">
                        <CTrueColorToGrayEx nFilter="0">
                          <RECT Top="0" Right="0" Bottom="0" Left="0"></RECT>
                        </CTrueColorToGrayEx>
                      </CProcessImage>
                      <CProcessImage processType="2">
                        <CGrayToBinaryEx>
                          <vecBinaryParam>
                            <BINARYPARAM nBlockNum="1" nMethod="5" />
                          </vecBinaryParam>
                          
                          <RECT Left="0" Top="0" Right="0" Bottom="0" />
                        </CGrayToBinaryEx>
                      </CProcessImage>
                    </vecProcessImage>
                  </CLocateMethod>
                </vecCLocateMethod>
              </CLocateInfo>
              <vecKernal>
                <CKernalInfo kernalMainType="1" nKernalSubType="6" nFilterType="0" nFillingMethod="1" strFilterPlus="" nRecogType="1" nRecogImgeType="0">
                  <vecCharRatio>
                    <CCharRatio strChars="" charType="3" nWHRatio="80" />
                     <CCharRatio strChars="" charType="2" nWHRatio="64" />
                    <CCharRatio strChars="&lt;" charType="10" nWHRatio="83" />
                    <CCharRatio strChars="C;" charType="10" nWHRatio="56" />
                  </vecCharRatio>
                </CKernalInfo>
              </vecKernal>
            </CRecogInfo>
            
            <vecRecogUnit>
              <CRecogUnit nIndex="1" bLocate="0" bRecog="0"></CRecogUnit>
            </vecRecogUnit>
            
            <vecLineKeyWord></vecLineKeyWord>
            <vecCLocateAnchor>
              <CLocateAnchor nDisToAnchor="0" nAnchorIndex="2" anchorType="3" />
            </vecCLocateAnchor>
          </CLine>
          <CLine nIndex="1" bStartOffset="1" bEndOffset="0" bExist="1" bNeedRecog="1" nCheckKeyWord="0">
        
            <RECT Left="0" Top="0" Right="0" Bottom="0" />
            <CRecogInfo bIgnorePoint="0" nMaxPointWidth="0" nMaxPointHeight="0" bMatchRegExp="1" charOrder="[\D\C&lt;]{35}\D{1}" bConfirmParams="0">
              <CLocateInfo bEraseStart="0" nMinWHRatio="0" nMaxWHRatio="130" nSplitWHRatio="2000" bSplit="0" nNumType="0" bSpace="0" bWidth="0" bHeight="0" bRemoveLineNoise="0" nMinElementNum="36" nMaxElementNum="36" nMinWidth="70" nMaxWidth="289" nMinHeight="150" nMaxHeight="478" nMinSpace="0" nMaxSpace="295" bPostProcess="1">
                <vecCLocateMethod>
                  <CLocateMethod nLocateMethod="1">
                    <vecProcessImage>
                      <CProcessImage processType="1">
                        <CTrueColorToGrayEx nFilter="0">
                          <RECT Top="0" Right="0" Bottom="0" Left="0"></RECT>
                        </CTrueColorToGrayEx>
                      </CProcessImage>
                      <CProcessImage processType="2">
                        <CGrayToBinaryEx>
                          <vecBinaryParam>
                            <BINARYPARAM nBlockNum="1" nMethod="6" />
                          </vecBinaryParam>
                          
                          <RECT Left="0" Top="0" Right="0" Bottom="0" />
                        </CGrayToBinaryEx>
                      </CProcessImage>
                    </vecProcessImage>
                  </CLocateMethod>
                  <CLocateMethod nLocateMethod="1">
                    <vecProcessImage>
                      <CProcessImage processType="1">
                        <CTrueColorToGrayEx nFilter="0">
                          <RECT Top="0" Right="0" Bottom="0" Left="0"></RECT>
                        </CTrueColorToGrayEx>
                      </CProcessImage>
                      <CProcessImage processType="2">
                        <CGrayToBinaryEx>
                          <vecBinaryParam>
                            <BINARYPARAM nBlockNum="10" nMethod="7" />
                            <BINARYPARAM nBlockNum="1" nMethod="1" />
                          </vecBinaryParam>
                          
                          <RECT Left="0" Top="0" Right="0" Bottom="0" />
                        </CGrayToBinaryEx>
                      </CProcessImage>
                    </vecProcessImage>
                  </CLocateMethod>
                  <CLocateMethod nLocateMethod="1">
                    <vecProcessImage>
                      <CProcessImage processType="1">
                        <CTrueColorToGrayEx nFilter="0">
                          <RECT Top="0" Right="0" Bottom="0" Left="0"></RECT>
                        </CTrueColorToGrayEx>
                      </CProcessImage>
                      <CProcessImage processType="2">
                        <CGrayToBinaryEx>
                          <vecBinaryParam>
                            <BINARYPARAM nBlockNum="1" nMethod="3" />
                          </vecBinaryParam>
                          
                          <RECT Left="0" Top="0" Right="0" Bottom="0" />
                        </CGrayToBinaryEx>
                      </CProcessImage>
                    </vecProcessImage>
                  </CLocateMethod>
                  <CLocateMethod nLocateMethod="1">
                    <vecProcessImage>
                      <CProcessImage processType="1">
                        <CTrueColorToGrayEx nFilter="0">
                          <RECT Top="0" Right="0" Bottom="0" Left="0"></RECT>
                        </CTrueColorToGrayEx>
                      </CProcessImage>
                      <CProcessImage processType="2">
                        <CGrayToBinaryEx>
                          <vecBinaryParam>
                            <BINARYPARAM nBlockNum="1" nMethod="5" />
                          </vecBinaryParam>
                          
                          <RECT Left="0" Top="0" Right="0" Bottom="0" />
                        </CGrayToBinaryEx>
                      </CProcessImage>
                    </vecProcessImage>
                  </CLocateMethod>
                </vecCLocateMethod>
              </CLocateInfo>
              <vecKernal>
                <CKernalInfo kernalMainType="1" nKernalSubType="6" nFilterType="0" nFillingMethod="1" strFilterPlus="" nRecogType="1" nRecogImgeType="0">
                  <vecCharRatio>
                    <CCharRatio strChars="" charType="3" nWHRatio="80" />
                     <CCharRatio strChars="" charType="2" nWHRatio="64" />
                    <CCharRatio strChars="&lt;" charType="10" nWHRatio="83" />
                    <CCharRatio strChars="C;" charType="10" nWHRatio="56" />
                  </vecCharRatio>
                </CKernalInfo>
              </vecKernal>
            </CRecogInfo>
            
            <vecRecogUnit>
              <CRecogUnit nIndex="2" bLocate="0" bRecog="0"></CRecogUnit>
            </vecRecogUnit>
            
            <vecLineKeyWord></vecLineKeyWord>
            <vecCLocateAnchor></vecCLocateAnchor>
          </CLine>
        </vecLine>
      </CRegion>
    </vecRegion>
    <vecDeriveUnit>
      
    </vecDeriveUnit>
    <vecAnchor>
      <CAnchor nIndex="0" anchorPos="-1" anchorType="0" bEnable="0" nMinPos="-1" nMaxPos="-1" />
      <CAnchor nIndex="1" anchorPos="-1" anchorType="2" bEnable="0" nMinPos="-1" nMaxPos="-1" />
      <CAnchor nIndex="2" anchorPos="-1" anchorType="3" bEnable="0" nMinPos="-1" nMaxPos="-1" />
    </vecAnchor>
    <vecOutPutResult>
      <COutPutResult nIndex="0" cellRecogType="20" cellName="Reserve" nOutputThreshold="0" nOutputNumber="0" bFormatResult="0" />
      <COutPutResult nIndex="1" cellRecogType="20" cellName="MRZ1" nOutputThreshold="0" nOutputNumber="0" bFormatResult="0" />
      <COutPutResult nIndex="2" cellRecogType="20" cellName="MRZ2" nOutputThreshold="0" nOutputNumber="0" bFormatResult="0" />
    </vecOutPutResult>

  </CIDCardTemplate>
   <CIDCardTemplate nMainDocumentID="2007" chDocumentName="TD1 SIZE MRZ" imageSizeType="21">
    <vecProcessImage>
      <CProcessImage processType="3">
        <CEraseBlackBorderEx>
          <RECT Left="0" Top="0" Right="10000" Bottom="10000" />
          <RECT Left="500" Top="500" Right="9200" Bottom="9500" />
        </CEraseBlackBorderEx>
      </CProcessImage>
    </vecProcessImage>
    <vecRegion>
				  <CRegion nIndex="0" nRegionType="1" nProcessOrder="0">
					
					<vecImageLightType>
					  <LIGHTTYPE>2</LIGHTTYPE>
					  <LIGHTTYPE>1</LIGHTTYPE>
					</vecImageLightType>
					
					
					<CLocateRegion bAccurateLocate="0">
					  
					  <vecProcessImage></vecProcessImage>
					 
					  <RECT Left="9999" Top="9999" Right="0" Bottom="0" />
					  <vecAnchorLocateInfo>
						
						<CAnchorLocateInfo nAnchorIndex="0" nDisToAnchor="0" anchorType="1" />
						<CAnchorLocateInfo nAnchorIndex="0" nDisToAnchor="9950" anchorType="2" />
						<CAnchorLocateInfo nAnchorIndex="0" nDisToAnchor="6459" anchorType="3" />
						<CAnchorLocateInfo nAnchorIndex="0" nDisToAnchor="9900" anchorType="4" />
					  </vecAnchorLocateInfo>
					  
					  <vecCLocateAnchor></vecCLocateAnchor>
					</CLocateRegion>
					<CLocateLine>
					  
					  <RECT Left="0" Top="0" Right="100" Bottom="100" />
					  
					  <RECT Left="10" Top="0" Right="100" Bottom="100" />
					  <CLocateInfo bEraseStart="0" nMinWHRatio="0" nMaxWHRatio="160" nSplitWHRatio="2000" bSplit="0" nNumType="0" bSpace="0" bWidth="0" bHeight="0" bRemoveLineNoise="0" nMinElementNum="3" nMaxElementNum="3" nMinWidth="7500" nMaxWidth="9990" nMinHeight="380" nMaxHeight="540" nMinSpace="250" nMaxSpace="400" bPostProcess="0">
						<vecCLocateMethod>
						  <CLocateMethod nLocateMethod="1">
							
							<vecProcessImage>
							  <CProcessImage processType="1">
								<CTrueColorToGrayEx nFilter="0">
								  
								  <RECT Top="0" Right="0" Bottom="0" Left="0" />
								</CTrueColorToGrayEx>
							  </CProcessImage>
							  <CProcessImage processType="2">
								<CGrayToBinaryEx>
								  <vecBinaryParam>
									<BINARYPARAM nBlockNum="2" nMethod="7" />
									<BINARYPARAM nBlockNum="1" nMethod="3" />
								  </vecBinaryParam>
								  
								  <RECT Left="0" Top="0" Right="0" Bottom="0" />
								</CGrayToBinaryEx>
							  </CProcessImage>
							</vecProcessImage>
						  </CLocateMethod>
						</vecCLocateMethod>
					  </CLocateInfo>
					  <positionPlus nLeftPlus="-80" nRightPlus="180" nTopPlus="-100" nBottomPlus="100" />
					</CLocateLine>
					<vecLine>
					  <CLine nIndex="0" bStartOffset="1" bEndOffset="0" bExist="1" bNeedRecog="1" nCheckKeyWord="0">
					
						<RECT Left="0" Top="0" Right="0" Bottom="0" />
						<CRecogInfo bIgnorePoint="0" nMaxPointWidth="0" nMaxPointHeight="0" bMatchRegExp="1" charOrder="\C{5}[\D&lt;]{25}" bConfirmParams="0">
						  <CLocateInfo bEraseStart="0" nMinWHRatio="0" nMaxWHRatio="100" nSplitWHRatio="2000" bSplit="0" nNumType="0" bSpace="0" bWidth="0" bHeight="0" bRemoveLineNoise="0" nMinElementNum="30" nMaxElementNum="30" nMinWidth="100" nMaxWidth="350" nMinHeight="360" nMaxHeight="560" nMinSpace="20" nMaxSpace="200" bPostProcess="1">
							<vecCLocateMethod>
							  <CLocateMethod nLocateMethod="1">
								<vecProcessImage>
								  <CProcessImage processType="1">
									<CTrueColorToGrayEx nFilter="0">
									  
									  <RECT Top="0" Right="0" Bottom="0" Left="0" />
									</CTrueColorToGrayEx>
								  </CProcessImage>
								  <CProcessImage processType="2">
									<CGrayToBinaryEx>
									  <vecBinaryParam>
										<BINARYPARAM nBlockNum="1" nMethod="3" />
									  </vecBinaryParam>
									  
									  <RECT Left="0" Top="0" Right="0" Bottom="0" />
									</CGrayToBinaryEx>
								  </CProcessImage>
								</vecProcessImage>
							  </CLocateMethod>
							  <CLocateMethod nLocateMethod="1">
								<vecProcessImage>
								  <CProcessImage processType="1">
									<CTrueColorToGrayEx nFilter="0">
									  
									  <RECT Top="0" Right="0" Bottom="0" Left="0" />
									</CTrueColorToGrayEx>
								  </CProcessImage>
								  <CProcessImage processType="2">
									<CGrayToBinaryEx>
									  <vecBinaryParam>
										<BINARYPARAM nBlockNum="1" nMethod="6" />
									  </vecBinaryParam>
									  
									  <RECT Left="0" Top="0" Right="0" Bottom="0" />
									</CGrayToBinaryEx>
								  </CProcessImage>
								</vecProcessImage>
							  </CLocateMethod>
							</vecCLocateMethod>
						  </CLocateInfo>
						  <vecKernal>
							
							
							<CKernalInfo kernalMainType="1" nKernalSubType="6" nFilterType="0" nFillingMethod="1" strFilterPlus="" nRecogType="1" nRecogImgeType="0">
							  <vecCharRatio>
								<CCharRatio strChars="" charType="0" nWHRatio="61" />
							  </vecCharRatio>
							</CKernalInfo>
						  </vecKernal>
						</CRecogInfo>
						<vecRecogUnit>
						  <CRecogUnit nIndex="1" bLocate="0" bRecog="0"></CRecogUnit>
						</vecRecogUnit>
						
						<vecLineKeyWord></vecLineKeyWord>
						<vecCLocateAnchor></vecCLocateAnchor>
					  </CLine>
					  <CLine nIndex="1" bStartOffset="1" bEndOffset="0" bExist="1" bNeedRecog="1" nCheckKeyWord="0">
					
						<RECT Left="0" Top="0" Right="0" Bottom="0" />
						<CRecogInfo bIgnorePoint="0" nMaxPointWidth="0" nMaxPointHeight="0" bMatchRegExp="1" charOrder="\D{7}[FM][\D]{7}\C{3}[\D&lt;]{12}" bConfirmParams="0">
						  <CLocateInfo bEraseStart="0" nMinWHRatio="0" nMaxWHRatio="100" nSplitWHRatio="2000" bSplit="0" nNumType="0" bSpace="0" bWidth="0" bHeight="0" bRemoveLineNoise="0" nMinElementNum="30" nMaxElementNum="30" nMinWidth="60" nMaxWidth="350" nMinHeight="360" nMaxHeight="560" nMinSpace="20" nMaxSpace="200" bPostProcess="1">
							<vecCLocateMethod>
							  <CLocateMethod nLocateMethod="1">
								<vecProcessImage>
								  <CProcessImage processType="1">
									<CTrueColorToGrayEx nFilter="0">
									  
									  <RECT Top="0" Right="0" Bottom="0" Left="0" />
									</CTrueColorToGrayEx>
								  </CProcessImage>
								  <CProcessImage processType="2">
									<CGrayToBinaryEx>
									  <vecBinaryParam>
										<BINARYPARAM nBlockNum="1" nMethod="3" />
									  </vecBinaryParam>
									  
									  <RECT Left="0" Top="0" Right="0" Bottom="0" />
									</CGrayToBinaryEx>
								  </CProcessImage>
								</vecProcessImage>
							  </CLocateMethod>
							  <CLocateMethod nLocateMethod="1">
								<vecProcessImage>
								  <CProcessImage processType="1">
									<CTrueColorToGrayEx nFilter="0">
									  
									  <RECT Top="0" Right="0" Bottom="0" Left="0" />
									</CTrueColorToGrayEx>
								  </CProcessImage>
								  <CProcessImage processType="2">
									<CGrayToBinaryEx>
									  <vecBinaryParam>
										<BINARYPARAM nBlockNum="1" nMethod="6" />
									  </vecBinaryParam>
									  
									  <RECT Left="0" Top="0" Right="0" Bottom="0" />
									</CGrayToBinaryEx>
								  </CProcessImage>
								</vecProcessImage>
							  </CLocateMethod>
							</vecCLocateMethod>
						  </CLocateInfo>
						  <vecKernal>
							<CKernalInfo kernalMainType="1" nKernalSubType="6" nFilterType="0" nFillingMethod="1" strFilterPlus="" nRecogType="1" nRecogImgeType="0">
							  <vecCharRatio>
								<CCharRatio strChars="" charType="0" nWHRatio="61" />
							  </vecCharRatio>
							</CKernalInfo>
						  </vecKernal>
						</CRecogInfo>
						<vecRecogUnit>
						  <CRecogUnit nIndex="2" bLocate="0" bRecog="0"></CRecogUnit>
						</vecRecogUnit>
						
						<vecLineKeyWord></vecLineKeyWord>
						<vecCLocateAnchor></vecCLocateAnchor>
					  </CLine>
					  <CLine nIndex="2" bStartOffset="1" bEndOffset="0" bExist="1" bNeedRecog="1" nCheckKeyWord="0">
					
						<RECT Left="0" Top="0" Right="0" Bottom="0" />
						<CRecogInfo bIgnorePoint="0" nMaxPointWidth="0" nMaxPointHeight="0" bMatchRegExp="1" charOrder="[\C&lt;]{30}" bConfirmParams="0">
						  <CLocateInfo bEraseStart="0" nMinWHRatio="0" nMaxWHRatio="100" nSplitWHRatio="2000" bSplit="0" nNumType="0" bSpace="0" bWidth="0" bHeight="0" bRemoveLineNoise="0" nMinElementNum="30" nMaxElementNum="30" nMinWidth="100" nMaxWidth="350" nMinHeight="360" nMaxHeight="560" nMinSpace="20" nMaxSpace="200" bPostProcess="1">
							<vecCLocateMethod>
							  <CLocateMethod nLocateMethod="1">
								<vecProcessImage>
								  <CProcessImage processType="1">
									<CTrueColorToGrayEx nFilter="0">
									  
									  <RECT Top="0" Right="0" Bottom="0" Left="0" />
									</CTrueColorToGrayEx>
								  </CProcessImage>
								  <CProcessImage processType="2">
									<CGrayToBinaryEx>
									  <vecBinaryParam>
										<BINARYPARAM nBlockNum="1" nMethod="3" />
									  </vecBinaryParam>
									  
									  <RECT Left="0" Top="0" Right="0" Bottom="0" />
									</CGrayToBinaryEx>
								  </CProcessImage>
								</vecProcessImage>
							  </CLocateMethod>
							  <CLocateMethod nLocateMethod="1">
								<vecProcessImage>
								  <CProcessImage processType="1">
									<CTrueColorToGrayEx nFilter="0">
									  
									  <RECT Top="0" Right="0" Bottom="0" Left="0" />
									</CTrueColorToGrayEx>
								  </CProcessImage>
								  <CProcessImage processType="2">
									<CGrayToBinaryEx>
									  <vecBinaryParam>
										<BINARYPARAM nBlockNum="1" nMethod="6" />
									  </vecBinaryParam>
									  
									  <RECT Left="0" Top="0" Right="0" Bottom="0" />
									</CGrayToBinaryEx>
								  </CProcessImage>
								</vecProcessImage>
							  </CLocateMethod>
							</vecCLocateMethod>
						  </CLocateInfo>
						  <vecKernal>
							
							
							<CKernalInfo kernalMainType="1" nKernalSubType="6" nFilterType="0" nFillingMethod="1" strFilterPlus="" nRecogType="1" nRecogImgeType="0">
							  <vecCharRatio>
								<CCharRatio strChars="" charType="0" nWHRatio="61" />
							  </vecCharRatio>
							</CKernalInfo>
						  </vecKernal>
						</CRecogInfo>
						<vecRecogUnit>
						  <CRecogUnit nIndex="3" bLocate="0" bRecog="0"></CRecogUnit>
						</vecRecogUnit>
						<vecLineKeyWord></vecLineKeyWord>
						<vecCLocateAnchor></vecCLocateAnchor>
					  </CLine>
					</vecLine>
				  </CRegion>
				</vecRegion>
		
    <vecDeriveUnit>
      
    </vecDeriveUnit>
    <vecAnchor>
      <CAnchor nIndex="0" anchorPos="-1" anchorType="0" bEnable="0" nMinPos="-1" nMaxPos="-1" />
    </vecAnchor>
    <vecOutPutResult>
      <COutPutResult nIndex="0" cellRecogType="20" cellName="Reserve" nOutputThreshold="0" nOutputNumber="0" bFormatResult="0" />
      <COutPutResult nIndex="1" cellRecogType="20" cellName="MRZ1" nOutputThreshold="0" nOutputNumber="0" bFormatResult="0" />
      <COutPutResult nIndex="2" cellRecogType="20" cellName="MRZ2" nOutputThreshold="0" nOutputNumber="0" bFormatResult="0" />
      <COutPutResult nIndex="3" cellRecogType="20" cellName="MRZ3" nOutputThreshold="0" nOutputNumber="0" bFormatResult="0" />
    </vecOutPutResult>

  </CIDCardTemplate>
<CIDCardTemplate nMainDocumentID="2008" chDocumentName="TD3 SIZE MRZ" imageSizeType="21">
   <vecProcessImage>
      <CProcessImage processType="3">
        <CEraseBlackBorderEx>
          <RECT Left="0" Top="0" Right="10000" Bottom="10000" />
          <RECT Left="500" Top="500" Right="9200" Bottom="9500" />
        </CEraseBlackBorderEx>
      </CProcessImage>
      <CProcessImage processType="9">
        <CCropImage nMinSrcWidth="4000" nRotateType="0" nMinSrcHeight="6000" nUnitType="0">
          <RECT Top="5000" Right="10000" Bottom="10000" Left="0" />
        </CCropImage>
      </CProcessImage>
      <CProcessImage processType="9">
        <CCropImage nMinSrcWidth="4000" nRotateType="0" nMinSrcHeight="4000" nUnitType="0">
          <RECT Top="1650" Right="10000" Bottom="10000" Left="0" />
        </CCropImage>
      </CProcessImage>
    </vecProcessImage>
    <vecRegion>
      <CRegion nIndex="0" nRegionType="0" nProcessOrder="0">
        <vecImageLightType>
          <LIGHTTYPE>1</LIGHTTYPE>
        </vecImageLightType>
        
        <CLocateRegion bAccurateLocate="1">
          
          <vecProcessImage>
            <CProcessImage processType="1">
              <CTrueColorToGrayEx nFilter="0">
                <RECT Top="0" Right="0" Bottom="0" Left="0" />
              </CTrueColorToGrayEx>
            </CProcessImage>
          </vecProcessImage>
         
          <RECT Left="600" Top="1966" Right="2800" Bottom="6254" />
          <vecAnchorLocateInfo>
            
            <CAnchorLocateInfo nAnchorIndex="0" nDisToAnchor="100" anchorType="1" />
            <CAnchorLocateInfo nAnchorIndex="0" nDisToAnchor="3200" anchorType="2" />
            <CAnchorLocateInfo nAnchorIndex="0" nDisToAnchor="1766" anchorType="3" />
            <CAnchorLocateInfo nAnchorIndex="0" nDisToAnchor="7254" anchorType="4" />
          </vecAnchorLocateInfo>
          
          <vecCLocateAnchor>
            <CLocateAnchor nDisToAnchor="0" nAnchorIndex="1" anchorType="2" />
          </vecCLocateAnchor>
        </CLocateRegion>
      </CRegion>
      <CRegion nIndex="1" nRegionType="1" nProcessOrder="1">
        
        <vecImageLightType>
          
          <LIGHTTYPE>2</LIGHTTYPE>
          <LIGHTTYPE>1</LIGHTTYPE>
        </vecImageLightType>
        
        
        <CLocateRegion bAccurateLocate="0">
          <vecProcessImage></vecProcessImage>
         
          <RECT Left="10000" Top="10000" Right="0" Bottom="0" />
          <vecAnchorLocateInfo>
            
            <CAnchorLocateInfo nAnchorIndex="0" nDisToAnchor="20" anchorType="1" />
            <CAnchorLocateInfo nAnchorIndex="0" nDisToAnchor="9980" anchorType="2" />
            <CAnchorLocateInfo nAnchorIndex="0" nDisToAnchor="7400" anchorType="3" />
            <CAnchorLocateInfo nAnchorIndex="0" nDisToAnchor="10000" anchorType="4" />
          </vecAnchorLocateInfo>
          
          <vecCLocateAnchor></vecCLocateAnchor>
        </CLocateRegion>
        <CLocateLine>
          
          <RECT Left="0" Top="0" Right="100" Bottom="100" />
          
          <RECT Left="5" Top="0" Right="95" Bottom="100" />
          <CLocateInfo bEraseStart="0" nMinWHRatio="0" nMaxWHRatio="160" nSplitWHRatio="2000" bSplit="0" nNumType="0" bSpace="0" bWidth="0" bHeight="0" bRemoveLineNoise="0" nMinElementNum="2" nMaxElementNum="2" nMinWidth="7500" nMaxWidth="9999" nMinHeight="190" nMaxHeight="420" nMinSpace="140" nMaxSpace="730" bPostProcess="0">
            <vecCLocateMethod>
              <CLocateMethod nLocateMethod="1">
                <vecProcessImage>
                  <CProcessImage processType="1">
                    <CTrueColorToGrayEx nFilter="0">
                      <RECT Top="0" Right="0" Bottom="0" Left="0" />
                    </CTrueColorToGrayEx>
                  </CProcessImage>
                  <CProcessImage processType="2">
                    <CGrayToBinaryEx>
                      <vecBinaryParam>
                        <BINARYPARAM nBlockNum="2" nMethod="7" />
                        <BINARYPARAM nBlockNum="1" nMethod="3" />
                      </vecBinaryParam>
                      
                      <RECT Left="0" Top="0" Right="0" Bottom="0" />
                    </CGrayToBinaryEx>
                  </CProcessImage>
                </vecProcessImage>
              </CLocateMethod>
              <CLocateMethod nLocateMethod="1">
                <vecProcessImage>
                  <CProcessImage processType="1">
                    <CTrueColorToGrayEx nFilter="0">
                      <RECT Top="0" Right="0" Bottom="0" Left="0" />
                    </CTrueColorToGrayEx>
                  </CProcessImage>
                  <CProcessImage processType="2">
                    <CGrayToBinaryEx>
                      <vecBinaryParam>
                        <BINARYPARAM nBlockNum="1" nMethod="6" />
                      </vecBinaryParam>
                      
                      <RECT Left="0" Top="0" Right="0" Bottom="0" />
                    </CGrayToBinaryEx>
                  </CProcessImage>
                </vecProcessImage>
              </CLocateMethod>
            </vecCLocateMethod>
          </CLocateInfo>
          <positionPlus nLeftPlus="-500" nRightPlus="500" nTopPlus="-120" nBottomPlus="100" />
        </CLocateLine>
        <vecLine>
          <CLine nIndex="1" bStartOffset="0" bEndOffset="1" bExist="1" bNeedRecog="1" nCheckKeyWord="0">
          
            <RECT Left="0" Top="0" Right="0" Bottom="0" />
            <CRecogInfo bIgnorePoint="0" nMaxPointWidth="0" nMaxPointHeight="0" bMatchRegExp="1" charOrder="\C[&lt;\C]\C[\C&lt;]{2}[\C&lt;]{39}" bConfirmParams="0">
              <CLocateInfo bEraseStart="0" nMinWHRatio="0" nMaxWHRatio="130" nSplitWHRatio="2000" bSplit="0" nNumType="0" bSpace="0" bWidth="0" bHeight="0" bRemoveLineNoise="0" nMinElementNum="44" nMaxElementNum="44" nMinWidth="80" nMaxWidth="230" nMinHeight="175" nMaxHeight="380" nMinSpace="0" nMaxSpace="140" bPostProcess="1">
                <vecCLocateMethod>
                  <CLocateMethod nLocateMethod="1">
                    <vecProcessImage>
                      <CProcessImage processType="1">
                        <CTrueColorToGrayEx nFilter="0">
                          <RECT Top="0" Right="0" Bottom="0" Left="0"></RECT>
                        </CTrueColorToGrayEx>
                      </CProcessImage>
                      <CProcessImage processType="2">
                        <CGrayToBinaryEx>
                          <vecBinaryParam>
                            <BINARYPARAM nBlockNum="10" nMethod="7" />
                            <BINARYPARAM nBlockNum="1" nMethod="6" />
                          </vecBinaryParam>
                          
                          <RECT Left="0" Top="0" Right="0" Bottom="0" />
                        </CGrayToBinaryEx>
                      </CProcessImage>
                    </vecProcessImage>
                  </CLocateMethod>
                  <CLocateMethod nLocateMethod="1">
                    <vecProcessImage>
                      <CProcessImage processType="1">
                        <CTrueColorToGrayEx nFilter="0">
                          <RECT Top="0" Right="0" Bottom="0" Left="0"></RECT>
                        </CTrueColorToGrayEx>
                      </CProcessImage>
                      <CProcessImage processType="2">
                        <CGrayToBinaryEx>
                          <vecBinaryParam>
                            <BINARYPARAM nBlockNum="10" nMethod="7" />
                            <BINARYPARAM nBlockNum="1" nMethod="1" />
                          </vecBinaryParam>
                          
                          <RECT Left="0" Top="0" Right="0" Bottom="0" />
                        </CGrayToBinaryEx>
                      </CProcessImage>
                    </vecProcessImage>
                  </CLocateMethod>
                  <CLocateMethod nLocateMethod="1">
                    <vecProcessImage>
                      <CProcessImage processType="1">
                        <CTrueColorToGrayEx nFilter="0">
                          <RECT Top="0" Right="0" Bottom="0" Left="0"></RECT>
                        </CTrueColorToGrayEx>
                      </CProcessImage>
                      <CProcessImage processType="2">
                        <CGrayToBinaryEx>
                          <vecBinaryParam>
                            <BINARYPARAM nBlockNum="1" nMethod="3" />
                          </vecBinaryParam>
                          
                          <RECT Left="0" Top="0" Right="0" Bottom="0" />
                        </CGrayToBinaryEx>
                      </CProcessImage>
                    </vecProcessImage>
                  </CLocateMethod>
                  <CLocateMethod nLocateMethod="1">
                    <vecProcessImage>
                      <CProcessImage processType="1">
                        <CTrueColorToGrayEx nFilter="0">
                          <RECT Top="0" Right="0" Bottom="0" Left="0"></RECT>
                        </CTrueColorToGrayEx>
                      </CProcessImage>
                      <CProcessImage processType="2">
                        <CGrayToBinaryEx>
                          <vecBinaryParam>
                            <BINARYPARAM nBlockNum="1" nMethod="5" />
                          </vecBinaryParam>
                          
                          <RECT Left="0" Top="0" Right="0" Bottom="0" />
                        </CGrayToBinaryEx>
                      </CProcessImage>
                    </vecProcessImage>
                  </CLocateMethod>
                  <CLocateMethod nLocateMethod="1">
                    <vecProcessImage>
                      <CProcessImage processType="1">
                        <CTrueColorToGrayEx nFilter="0">
                          <RECT Top="0" Right="0" Bottom="0" Left="0"></RECT>
                        </CTrueColorToGrayEx>
                      </CProcessImage>
                      <CProcessImage processType="2">
                        <CGrayToBinaryEx>
                          <vecBinaryParam>
                            <BINARYPARAM nBlockNum="1" nMethod="6" />
                          </vecBinaryParam>
                          
                          <RECT Left="0" Top="0" Right="0" Bottom="0" />
                        </CGrayToBinaryEx>
                      </CProcessImage>
                    </vecProcessImage>
                  </CLocateMethod>
                </vecCLocateMethod>
              </CLocateInfo>
              <vecKernal>
                
                
                <CKernalInfo kernalMainType="1" nKernalSubType="6" nFilterType="0" nFillingMethod="1" strFilterPlus="" nRecogType="1" nRecogImgeType="0">
                  <vecCharRatio>
                    <CCharRatio strChars="" charType="0" nWHRatio="60" />
                  </vecCharRatio>
                </CKernalInfo>
              </vecKernal>
            </CRecogInfo>
            <vecRecogUnit>
              <CRecogUnit nIndex="1" bLocate="0" bRecog="0"></CRecogUnit>
            </vecRecogUnit>
            
            <vecLineKeyWord></vecLineKeyWord>
            <vecCLocateAnchor>
              <CLocateAnchor nDisToAnchor="0" nAnchorIndex="2" anchorType="3" />
            </vecCLocateAnchor>
          </CLine>
          <CLine nIndex="0" bStartOffset="0" bEndOffset="1" bExist="1" bNeedRecog="1" nCheckKeyWord="0">
           
            <RECT Left="0" Top="0" Right="0" Bottom="0" />
            <CRecogInfo bIgnorePoint="0" nMaxPointWidth="0" nMaxPointHeight="0" bMatchRegExp="1" charOrder="[\D\C&lt;]{9}\D\C[\C&lt;]{2}\D{2}[\D&lt;]{4}\D{1}[MF&lt;]\D{7}[\D\C&lt;]{14}[\D&lt;]\D" bConfirmParams="0">
              <CLocateInfo bEraseStart="0" nMinWHRatio="0" nMaxWHRatio="130" nSplitWHRatio="2000" bSplit="0" nNumType="0" bSpace="0" bWidth="0" bHeight="0" bRemoveLineNoise="0" nMinElementNum="44" nMaxElementNum="44" nMinWidth="70" nMaxWidth="220" nMinHeight="175" nMaxHeight="380" nMinSpace="0" nMaxSpace="140" bPostProcess="1">
                <vecCLocateMethod>
                  <CLocateMethod nLocateMethod="1">
                    <vecProcessImage>
                      <CProcessImage processType="1">
                        <CTrueColorToGrayEx nFilter="0">
                          <RECT Top="0" Right="0" Bottom="0" Left="0"></RECT>
                        </CTrueColorToGrayEx>
                      </CProcessImage>
                      <CProcessImage processType="2">
                        <CGrayToBinaryEx>
                          <vecBinaryParam>
                            <BINARYPARAM nBlockNum="1" nMethod="6" />
                          </vecBinaryParam>
                          
                          <RECT Left="0" Top="0" Right="0" Bottom="0" />
                        </CGrayToBinaryEx>
                      </CProcessImage>
                    </vecProcessImage>
                  </CLocateMethod>
                  <CLocateMethod nLocateMethod="1">
                    <vecProcessImage>
                      <CProcessImage processType="1">
                        <CTrueColorToGrayEx nFilter="0">
                          <RECT Top="0" Right="0" Bottom="0" Left="0"></RECT>
                        </CTrueColorToGrayEx>
                      </CProcessImage>
                      <CProcessImage processType="2">
                        <CGrayToBinaryEx>
                          <vecBinaryParam>
                            <BINARYPARAM nBlockNum="10" nMethod="7" />
                            <BINARYPARAM nBlockNum="1" nMethod="1" />
                          </vecBinaryParam>
                          
                          <RECT Left="0" Top="0" Right="0" Bottom="0" />
                        </CGrayToBinaryEx>
                      </CProcessImage>
                    </vecProcessImage>
                  </CLocateMethod>
                  <CLocateMethod nLocateMethod="1">
                    <vecProcessImage>
                      <CProcessImage processType="1">
                        <CTrueColorToGrayEx nFilter="0">
                          <RECT Top="0" Right="0" Bottom="0" Left="0"></RECT>
                        </CTrueColorToGrayEx>
                      </CProcessImage>
                      <CProcessImage processType="2">
                        <CGrayToBinaryEx>
                          <vecBinaryParam>
                            <BINARYPARAM nBlockNum="1" nMethod="3" />
                          </vecBinaryParam>
                          
                          <RECT Left="0" Top="0" Right="0" Bottom="0" />
                        </CGrayToBinaryEx>
                      </CProcessImage>
                    </vecProcessImage>
                  </CLocateMethod>
                  <CLocateMethod nLocateMethod="1">
                    <vecProcessImage>
                      <CProcessImage processType="1">
                        <CTrueColorToGrayEx nFilter="0">
                          <RECT Top="0" Right="0" Bottom="0" Left="0"></RECT>
                        </CTrueColorToGrayEx>
                      </CProcessImage>
                      <CProcessImage processType="2">
                        <CGrayToBinaryEx>
                          <vecBinaryParam>
                            <BINARYPARAM nBlockNum="1" nMethod="5" />
                          </vecBinaryParam>
                          
                          <RECT Left="0" Top="0" Right="0" Bottom="0" />
                        </CGrayToBinaryEx>
                      </CProcessImage>
                    </vecProcessImage>
                  </CLocateMethod>
                </vecCLocateMethod>
              </CLocateInfo>
              <vecKernal>
                
                
                <CKernalInfo kernalMainType="1" nKernalSubType="6" nFilterType="0" nFillingMethod="1" strFilterPlus="" nRecogType="1" nRecogImgeType="0">
                  <vecCharRatio>
                    <CCharRatio strChars="" charType="0" nWHRatio="60" />
                  </vecCharRatio>
                </CKernalInfo>
              </vecKernal>
            </CRecogInfo>
            
            <vecRecogUnit>
              <CRecogUnit nIndex="2" bLocate="0" bRecog="0"></CRecogUnit>
            </vecRecogUnit>
            
            <vecLineKeyWord></vecLineKeyWord>
            <vecCLocateAnchor></vecCLocateAnchor>
          </CLine>
        </vecLine>
      </CRegion>
    </vecRegion>
    <vecDeriveUnit>
     
    </vecDeriveUnit>
    <vecAnchor>
      <CAnchor nIndex="0" anchorPos="-1" anchorType="0" bEnable="0" nMinPos="-1" nMaxPos="-1" />
      <CAnchor nIndex="1" anchorPos="-1" anchorType="2" bEnable="0" nMinPos="-1" nMaxPos="-1" />
      <CAnchor nIndex="2" anchorPos="-1" anchorType="3" bEnable="0" nMinPos="-1" nMaxPos="-1" />
    </vecAnchor>
    <vecOutPutResult>
      <COutPutResult nIndex="0" cellRecogType="20" cellName="保留" nOutputThreshold="0" nOutputNumber="0" bFormatResult="0" />
     
      <COutPutResult nIndex="1" cellRecogType="20" cellName="MRZ1" nOutputThreshold="0" nOutputNumber="0" bFormatResult="0" />
      <COutPutResult nIndex="2" cellRecogType="20" cellName="MRZ2" nOutputThreshold="0" nOutputNumber="0" bFormatResult="0" />
  </vecOutPutResult>
   
  </CIDCardTemplate>

  
</IDCARD>